{
    "Eria the Water Channeler": {
        "_current": "(This card is always treated as a \"Charmer\" card.)\n① HOPT | <b>You can DISCARD this card and 1 other WATER monster;</b> SEARCH 1 WATER monster with an equal or higher Level than the other discarded monster, also you cannot activate non-WATER monster effects for the rest of this turn.\n② HOPT | When your WATER monster is destroyed by battle: You can Special Summon this card from your hand.",
        "previous": null
    },
    "Lacrima the Crimson Tears": {
        "_current": "(This card is always treated as a \"Fiendsmith\" card.)\n① HOPT | If this card is Normal or Special Summoned: You can send 1 \"Fiendsmith\" card from your Deck to the GY, except \"Lacrima the Crimson Tears\".\n② OPP'S TURN | HOPT | QUICK | If this card is in your GY: <b>You can target 1 \"Fiendsmith\" Link Monster in your GY;</b> shuffle this card into the Deck, and if you do, Special Summon that monster.",
        "previous": null
    }
}