{
    "Attack Guidance Armor": {
        "_current": "HOPT ACTIVATION\nWhen a monster declares an attack: <b>Activate 1 of these effects;</b> \n● DESTROY the attacking monster.\n● Target 1 monster on either field, except the attacking monster; change the attack target to it and perform damage calculation.",
        "previous": null
    },
    "Bunch of Beast Bodies": {
        "_current": "Change all monsters that were not Normal or Special Summoned this turn to Defense Position. For the rest of this turn, a player who controls a Defense Position monster cannot declare attacks with monsters that were Normal or Special Summoned this turn.",
        "previous": null
    },
    "Division": {
        "_current": "① HOPT | You can Tribute all face-up \"Division(s)\" you control: Special Summon up to twice that many \"Machine Tokens\" (Machine/FIRE/Level 1/ATK 200/DEF 200), and each time 1 is destroyed, your opponent takes 500 damage.\n② HOPT | If this card is banished: <b>You can target any number of Tokens you control;</b> DESTROY them.",
        "previous": null
    },
    "Earthbound Resonance": {
        "_current": "① HOPT | If a monster(s) that was Special Summoned from the Extra Deck is destroyed by card effect (except during the Damage Step): <b>You can target 1 of them;</b> each player takes damage equal to half its ATK.\n② HOPT | When your DARK Synchro Monster Special Summoned from the Extra Deck is targeted for an attack: <b>You can target 1 card on the field;</b> DESTROY it.",
        "previous": null
    },
    "Ebon Sun": {
        "_current": "① HOPT | If a face-up monster(s) you control is destroyed: You can gain LP equal to their combined original ATK.\n② HOPT | If a monster(s) is Special Summoned face-up from your GY (except during the Damage Step): <b>You can target 1 of them;</b> it gains 1000 ATK.\n③ HOPT | If a Spell/Trap(s) is discarded from your hand to your GY (except during the Damage Step): <b>You can target 1 of them;</b> add it to your hand.",
        "previous": null
    },
    "Electro Blaster": {
        "_current": "① HOPT | If you Normal or Special Summon a FIRE monster(s) (except during the Damage Step): You can Special Summon this card from your hand, then you can send 1 Level 8 Pyro monster from your Deck to the GY.\n② OPT | If a Spell Card is activated (except during the Damage Step): You can make all FIRE monsters you currently control gain 300 ATK.",
        "previous": null
    },
    "Electrode Beast Anion": {
        "_current": "① HOPT | If this card is Normal Summoned: You can make this card Level 4, then you can SEARCH 1 \"Spirit Converter\" (from DECK or GY).\n② HOPT | <b>You can target 1 other card you control;</b> send both it and this card to the GY, and if you do, DRAW 1 card.",
        "previous": null
    },
    "Electrode Beast Cation": {
        "_current": "① HOPT | If this card is Normal Summoned: You can SEARCH 1 \"Electrode Beast Anion\" (from DECK or GY) then immediately after this effect resolves, you can Normal Summon 1 Level 4 or lower Thunder monster, also you cannot Special Summon from the Extra Deck for the rest of this turn, except LIGHT Xyz Monsters.\n② HOPT | <b>You can target 1 other Thunder monster you control that has a Level;</b> this card's Level becomes that monster's until the end of this turn.",
        "previous": null
    },
    "Full Armored Utopic Ray Lancer": {
        "_current": "3 Level 4 monsters\nOnce per turn, you can also Xyz Summon \"Full Armored Utopic Ray Lancer\" by DISCARDING 1 Spell/Trap and using 1 Rank 4 or lower Xyz Monster you control. (Transfer its materials to this card.)\n① Monsters your opponent controls lose 500 ATK.\n② At the start of the Battle Phase: You can NEGATE the effects of all Attack Position monsters your opponent currently controls.\n③ When this attacking card DESTROYS an opponent's monster by battle: <b>You can detach 1 material from this card;</b> it can make a second attack in a row.",
        "previous": null
    },
    "Gathering Light": {
        "_current": "① <b>You can BANISH 1 monster you control, and 1 Synchro Monster in your GY that is a \"Power Tool\" monster or Level 7 or 8 Dragon monster, then target 1 card your opponent controls;</b> DESTROY it.\n② Level 7 or higher Synchro Monsters you control gain 400 ATK for each of your banished Level 7 or higher Synchro Monsters.\n③ OPT | When an opponent's monster declares an attack while you have a banished Synchro Monster: You can NEGATE the attack.",
        "previous": null
    },
    "Life Hack": {
        "_current": "① HOPT | <b>Target 1 face-up monster on the field;</b> any damage your opponent takes this turn is halved, also that monster's ATK becomes equal to your opponent's current LP until the end of this turn.\n② YOUR MAIN PHASE | HOPT | <b>You can BANISH this card from your GY, then target 1 face-up monster on the field;</b> any damage your opponent takes this turn is halved, also that monster's ATK becomes equal to your current LP until the end of this turn.",
        "previous": null
    },
    "Life Shaver": {
        "_current": "① You can only control 1 \"Life Shaver\".\n② OPP'S END PHASE | OPT | Place 1 counter on this card.\n③ During the Main or Battle Phase, if this card has a counter(s) on it: You can send this card to the GY, then make your opponent DISCARD as many cards as possible, up to the number of counters that were on this card.",
        "previous": null
    },
    "Machine Token": {
        "_current": "Special Summoned with the effect of \"Division. \" Each time 1 is destroyed, opponent takes 500 damage.",
        "previous": null
    },
    "Magical Trick Mirror": {
        "_current": "① When an opponent's monster declares an attack: <b>Target 1 Spell in your opponent's GY;</b> Set it to your field.\n② <b>You can BANISH this card from your GY and send 1 \"Monster Reborn\" from your hand or face-down field to the GY;</b> Special Summon 1 \"Obelisk the Tormentor\" from your GY in Defense Position, and if you activated this effect during your opponent's turn, all monsters your opponent controls that can attack must attack that face-up monster, this turn, while you control it.",
        "previous": null
    },
    "Mira Match": {
        "_current": "① HOPT | If this card is in your hand: You can reveal 3 cards with different names from your hand and/or Deck that match the names of 3 different cards in your opponent's GY, and if you do, Special Summon this card.\n② HOPT | QUICK | When your opponent activates a card or effect: <b>You can send this card Summoned by its previous effect to the GY;</b> send 1 card with the same name as that opponent's card from your Deck or Extra Deck to the GY, and if you do, NEGATE the activation.",
        "previous": null
    },
    "Oil": {
        "_current": "HOPT ACTIVATION\n<b>Target up to 2 Level 4 or lower FIRE monsters with different names in your GY;</b> add them to your hand.",
        "previous": null
    },
    "Red Lotus King, Flame Crime": {
        "_current": "① MAIN PHASE | HOPT | QUICK | If you control a Fiend Tuner, or your opponent controls a Special Summoned monster: You can Special Summon this card from your hand.\n② HOPT | If this card is Special Summoned: You can inflict 400 damage to your opponent for each FIRE monster you control with different names.\n③ HOPT | If this card is sent to the GY as Synchro Material: You can send 1 Normal Trap from your Deck to the GY.",
        "previous": null
    },
    "Sacrifice Level-Up": {
        "_current": "HOPT ACTIVATION\n<b>Target 1 Xyz Monster you control;</b> BANISH 2 materials from it, and if you do, Special Summon 1 Xyz Monster from your Extra Deck, whose Rank is 1 higher than that monster, but it cannot attack this turn.",
        "previous": null
    },
    "Shining Star Dragon": {
        "_current": "① OPP'S MAIN PHASE | HOPT | QUICK | If this card is in your hand: <b>You can target 1 Dragon Synchro Monster in your GY;</b> Special Summon this card, and if you do, Special Summon that monster but NEGATE its effects, then immediately after this effect resolves, you can Synchro Summon 1 Dragon Synchro Monster using this card you control.\n② A Dragon monster that was Synchro Summoned using this card as material cannot be destroyed by battle.",
        "previous": null
    },
    "Spell Card \"Soul Exchange\"": {
        "_current": "HOPT ACTIVATION\n① Immediately after this effect resolves, Tribute Summon 1 monster (and you can Tribute monsters your opponent controls even though you do not control them), but it cannot be Tributed this turn.\n② If this card is sent from the field to the GY: Your opponent can apply this card's preceding effect.",
        "previous": null
    },
    "Synchro Creed": {
        "_current": "HOPT ACTIVATION\nIf a Synchro Monster is on the field: DRAW 1 card, then, if 3 or more Synchro Monsters are on the field, you can DRAW 1 more card.",
        "previous": null
    },
    "Synchro Panic": {
        "_current": "① <b>Activate only if a face-up Synchro Monster(s) you control is destroyed by battle or an opponent's card effect, by targeting 1 of them;</b> Special Summon 1 Tuner and 1 or more non-Tuners from your GY, whose total Levels equal the targeted monster's, and if you do, they cannot be destroyed this turn.\n② Neither player can Synchro Summon.\nDESTROY this card during your 3rd Standby Phase after activation.",
        "previous": null
    },
    "Toy Box": {
        "_current": "OPT | When an opponent's monster declares an attack: <b>You can send 1 face-down card you control to the GY;</b> DESTROY that opponent's monster.\nOPT | <b>You can activate 1 of these effects;</b> \n● From your hand, Deck, face-up Monster Zone, and/or GY, choose up to 2 monsters with \"Toy\" in their original names that can Set themselves from the hand as a Spell, and Set them in your Spell & Trap Zone as Spells.\n● DESTROY up to 2 cards in your Spell & Trap Zone.",
        "previous": null
    },
    "Toy Soldier": {
        "_current": "① You can Set this card from your hand to your Spell & Trap Zone as a Spell.\n② HOPT | If this Set card in the Spell & Trap Zone is sent to the GY: You can Special Summon this card.\n③ HOPT | If this card is Normal or Special Summoned: You can SEARCH 1 \"Toy Box\" or, if you control \"Toy Box\", you can add 1 Level 4 LIGHT monster instead.",
        "previous": null
    },
    "Toy Tank": {
        "_current": "① You can Set this card from your hand to your Spell & Trap Zone as a Spell.\n② HOPT | If this Set card in the Spell & Trap Zone is sent to the GY: You can Special Summon this card.\n③ HOPT | <b>You can Tribute this monster;</b> Special Summon 1 Level 6 or lower monster from your hand, or, if you control \"Toy Box\", you can Special Summon 1 Level 6 or lower monster from your GY instead, except \"Toy Tank\".",
        "previous": null
    },
    "Wonky Quartet": {
        "_current": "2+ Level 4 monsters\n① Unaffected by other cards' effects.\n② If this card is Xyz Summoned, also once per turn during your Standby Phase: Attach the top 3 cards of your Deck to this card as material, then apply the following effect based on the number of monsters attached to this card.\n● 4 or less: Give control of this card to your opponent.\n● 5 or more: Take 400 damage for each material this card has, and if you do, DESTROY all monsters you control.",
        "previous": null
    }
}