{
    "Allied Code Talker @Ignister": {
        "_current": "3+ Effect Monsters\n① If this card is Link Summoned: You can Special Summon as many Cyberse monsters with 2300 ATK from your GY as possible to your zones this card points to, and if you do, this card gains 500 ATK for each, also you cannot Special Summon for the rest of this turn.\n② HOPT | QUICK | When your opponent activates a card or effect: <b>You can Tribute 1 of your Link Monsters this card points to;</b> NEGATE the activation, and if you do, BANISH that card.",
        "previous": null
    },
    "Invoked Magistus Omega": {
        "_current": "\"Aleister the Invoker\" + 1 Fusion, Synchro, Xyz, or Link Monster\n① HOPT | If this card is Special Summoned: <b>You can target 1 Fusion, Synchro, Xyz, or Link Monster in your GY and 1 monster on the field;</b> BANISH them.\n② HOPT | If this Fusion Summoned card is destroyed: You can Special Summon 1 Level 4 Spellcaster monster from your Deck, then you can equip this card to it as an Equip Spell that gives it 1000 ATK.",
        "previous": null
    },
    "Number 69: Heraldry Crest - Dark Matter Demolition": {
        "_current": "5 Level 4 monsters\n① Cannot be destroyed.\n② OPT | QUICK | <b>You can detach 1 material from this card, then target 1 face-up monster your opponent controls;</b> that monster's name becomes \"Unknown\".\n③ NEGATE any \"Unknown\" effects activated by your opponent.",
        "previous": null
    },
    "Regenesis Lord": {
        "_current": "Cannot be Normal Summoned/Set. Must be Special Summoned (from your hand) by BANISHING 1 face-up monster you control with 2500 original ATK and DEF. You can only Special Summon \"Regenesis Lord\" once per turn this way.\n① If this card is Special Summoned: You can Set 1 \"Regenesis\" Spell/Trap from your Deck.\n② Gains 2500 ATK during the Battle Phase only.\n③ This card is PIERCING.",
        "previous": null
    }
}