{
    "Anarchist Monk of the Six Samurai": {
        "_current": "① HOPT | If you control a \"Six Samurai\" monster other than \"Anarchist Monk of the Six Samurai\", you can Special Summon this card (from your hand).\n② HOPT | If this card is sent from the field to the GY: You can SEARCH 1 \"Six Samurai\" Quick-Play Spell.\n③ HOPT | A \"Six Samurai\" monster that was Synchro Summoned using this card gains this effect.\nThe Levels of all monsters your opponent controls are reduced by 1.",
        "previous": "① HOPT | If you control a \"Six Samurai\" monster other than \"Anarchist Monk of the Six Samurai\", you can Special Summon this card (from your hand).② \n③ HOPT | If this card is sent from the field to the GY: You can SEARCH 1 \"Six Samurai\" Quick-Play Spell.\n④ HOPT | A \"Six Samurai\" monster that was Synchro Summoned using this card gains this effect.\nThe Levels of all monsters your opponent controls are reduced by 1."
    },
    "Drake Shark": {
        "_current": "① OPT | <b>A \"Shark Drake\" Xyz Monster that has this card as material gains this effect.\n● You can detach 2 materials from this card, then target 1 Spell/Trap on the field;</b> attach it to this card as material.\n② HOPT | If this card is added to your hand, except by DRAWING it: You can Special Summon this card.\n③ HOPT | This card can be treated as 2 materials for the Xyz Summon of a WATER Xyz Monster that requires 3 or more materials.",
        "previous": "① OPT | <b>A \"Shark Drake\" Xyz Monster that has this card as material gains this effect.\n● You can detach 2 materials from this card, then target 1 Spell/Trap on the field;</b> attach it to this card as material.② \n③ HOPT | If this card is added to your hand, except by DRAWING it: You can Special Summon this card.\n④ HOPT | This card can be treated as 2 materials for the Xyz Summon of a WATER Xyz Monster that requires 3 or more materials."
    },
    "Dreaming Reality of Nemleria, Realized": {
        "_current": "① Gains 100 ATK for each face-down card in your Extra Deck.\n② HOPT | If this card is in your hand: <b>You can target 1 monster you control;</b> place it on the bottom of the Deck, and if you do, Special Summon this card.\n③ HOPT | If this card is Special Summoned: <b>You can activate 1 of these effects;</b> \n● Add 1 \"Dreaming Nemleria\" from your Deck to your face-up Extra Deck.\n● Change 1 other face-up monster on the field to face-down Defense Position.",
        "previous": "① Gains 100 ATK for each face-down card in your Extra Deck.② ③ \n④ HOPT | If this card is in your hand: <b>You can target 1 monster you control;</b> place it on the bottom of the Deck, and if you do, Special Summon this card.\n⑤ HOPT | If this card is Special Summoned: <b>You can activate 1 of these effects;</b> \n● Add 1 \"Dreaming Nemleria\" from your Deck to your face-up Extra Deck.\n● Change 1 other face-up monster on the field to face-down Defense Position."
    },
    "Left-Hand Shark": {
        "_current": "① If this card is Special Summoned from the GY: This card's Level becomes 4.\n② HOPT | If you control \"Right-Hand Shark\", and this card is in your hand or GY: You can Special Summon this card, but BANISH it when it leaves the field.\n③ HOPT | An Xyz Monster that was Summoned using only WATER monsters as material, including this card on the field, gains this effect.\nThis card cannot be destroyed by card effects.",
        "previous": "① If this card is Special Summoned from the GY: This card's Level becomes 4.② \n③ HOPT | If you control \"Right-Hand Shark\", and this card is in your hand or GY: You can Special Summon this card, but BANISH it when it leaves the field.\n④ HOPT | An Xyz Monster that was Summoned using only WATER monsters as material, including this card on the field, gains this effect.\nThis card cannot be destroyed by card effects."
    },
    "Tactical Trainer of the Six Samurai": {
        "_current": "① HOPT | If you control a \"Six Samurai\" monster other than \"Tactical Trainer of the Six Samurai\", you can Special Summon this card (from your hand).\n② HOPT | If this card is sent from the field to the GY: You can SEARCH 1 \"Six Strike\" card (from DECK or GY).\n③ HOPT | A \"Six Samurai\" monster that was Synchro Summoned using this card gains this effect.\nMonsters your opponent controls lose 500 ATK.",
        "previous": "① HOPT | If you control a \"Six Samurai\" monster other than \"Tactical Trainer of the Six Samurai\", you can Special Summon this card (from your hand).② \n③ HOPT | If this card is sent from the field to the GY: You can SEARCH 1 \"Six Strike\" card (from DECK or GY).\n④ HOPT | A \"Six Samurai\" monster that was Synchro Summoned using this card gains this effect.\nMonsters your opponent controls lose 500 ATK."
    }
}