{
    "Alich, Malebranche of the Burning Abyss": {
        "_current": "If you control a monster that is not a \"Burning Abyss\" monster, DESTROY this card.\nHOPT | You can use ONE of:\n● If you control no Spell/Trap Cards: You can Special Summon this card from your hand.\n● If this card is sent to the GY: <b>You can target 1 face-up monster on the field;</b> NEGATE its effects until the end of this turn.",
        "previous": "\nIf you control a monster that is not a \"Burning Abyss\" monster, DESTROY this card.\nHOPT | You can use ONE of:\n● If you control no Spell/Trap Cards: You can Special Summon this card from your hand.\n● If this card is sent to the GY: <b>You can target 1 face-up monster on the field;</b> NEGATE its effects until the end of this turn."
    },
    "Ancient Warriors Saga - Defense of Changban": {
        "_current": "If your \"Ancient Warriors\" monster battles, your opponent cannot activate any Spell/Trap Cards until the end of the Damage Step.\nHOPT | You can use ONE of:\n● At the start of your opponent's Battle Phase: <b>You can send this face-up card from your Spell & Trap Zone to the GY;</b> monsters your opponent controls cannot target \"Ancient Warriors\" monsters for attacks this turn.\n● When an opponent's monster declares an attack: <b>You can BANISH this card from your GY;</b> Special Summon 1 \"Ancient Warriors\" monster from your Deck.",
        "previous": "\nIf your \"Ancient Warriors\" monster battles, your opponent cannot activate any Spell/Trap Cards until the end of the Damage Step.\nHOPT | You can use ONE of:\n● At the start of your opponent's Battle Phase: <b>You can send this face-up card from your Spell & Trap Zone to the GY;</b> monsters your opponent controls cannot target \"Ancient Warriors\" monsters for attacks this turn.\n● When an opponent's monster declares an attack: <b>You can BANISH this card from your GY;</b> Special Summon 1 \"Ancient Warriors\" monster from your Deck."
    },
    "Barbar, Malebranche of the Burning Abyss": {
        "_current": "If you control a monster that is not a \"Burning Abyss\" monster, DESTROY this card.\nHOPT | You can use ONE of:\n● If you control no Spell/Trap Cards: You can Special Summon this card from your hand.\n● If this card is sent to the GY: <b>You can target up to 3 \"Burning Abyss\" cards in your GY, except \"Barbar, Malebranche of the Burning Abyss\";</b> BANISH them, and if you do, inflict 300 damage to your opponent for each.",
        "previous": "\nIf you control a monster that is not a \"Burning Abyss\" monster, DESTROY this card.\nHOPT | You can use ONE of:\n● If you control no Spell/Trap Cards: You can Special Summon this card from your hand.\n● If this card is sent to the GY: <b>You can target up to 3 \"Burning Abyss\" cards in your GY, except \"Barbar, Malebranche of the Burning Abyss\";</b> BANISH them, and if you do, inflict 300 damage to your opponent for each."
    },
    "Blackwing - Zonda the Dusk": {
        "_current": "① You cannot Special Summon monsters from the Extra Deck, except Synchro Monsters.\nHOPT | You can use ONE of:\n② If this card is Normal or Special Summoned: <b>You can target 1 monster on the field;</b> BOUNCE it.\n③ <b>You can BANISH this card from your GY;</b> Special Summon 1 Level 5 or higher \"Blackwing\" monster from your hand or Deck, then take damage equal to its ATK.",
        "previous": "\n① You cannot Special Summon monsters from the Extra Deck, except Synchro Monsters.\nHOPT | You can use ONE of:\n② If this card is Normal or Special Summoned: <b>You can target 1 monster on the field;</b> BOUNCE it.\n③ <b>You can BANISH this card from your GY;</b> Special Summon 1 Level 5 or higher \"Blackwing\" monster from your hand or Deck, then take damage equal to its ATK."
    },
    "Buster Whelp of the Destruction Swordsman": {
        "_current": "When this card is Normal Summoned: You can SEARCH 1 \"Destruction Sword\" card except \"Buster Whelp of the Destruction Swordsman\".\nHOPT | You can use ONE of:\n<b>● You can Tribute this card;</b> Special Summon 1 \"Buster Blader\" from your hand or GY.\n● If this card is in your GY and you control \"Buster Blader\": <b>You can DISCARD 1 \"Destruction Sword\" card;</b> Special Summon this card.",
        "previous": "\nWhen this card is Normal Summoned: You can SEARCH 1 \"Destruction Sword\" card except \"Buster Whelp of the Destruction Swordsman\".\nHOPT | You can use ONE of:\n<b>● You can Tribute this card;</b> Special Summon 1 \"Buster Blader\" from your hand or GY.\n● If this card is in your GY and you control \"Buster Blader\": <b>You can DISCARD 1 \"Destruction Sword\" card;</b> Special Summon this card."
    },
    "Cagna, Malebranche of the Burning Abyss": {
        "_current": "If you control a monster that is not a \"Burning Abyss\" monster, DESTROY this card.\nHOPT | You can use ONE of:\n● If you control no Spell/Trap Cards: You can Special Summon this card from your hand.\n● If this card is sent to the GY: You can send 1 \"Burning Abyss\" Spell/Trap Card from your Deck to the GY.",
        "previous": "\nIf you control a monster that is not a \"Burning Abyss\" monster, DESTROY this card.\nHOPT | You can use ONE of:\n● If you control no Spell/Trap Cards: You can Special Summon this card from your hand.\n● If this card is sent to the GY: You can send 1 \"Burning Abyss\" Spell/Trap Card from your Deck to the GY."
    },
    "Calcab, Malebranche of the Burning Abyss": {
        "_current": "If you control a monster that is not a \"Burning Abyss\" monster, DESTROY this card.\nHOPT | You can use ONE of:\n● If you control no Spell/Trap Cards: You can Special Summon this card from your hand.\n● If this card is sent to the GY: <b>You can target 1 Set Spell/Trap Card on the field;</b> BOUNCE that target.",
        "previous": "\nIf you control a monster that is not a \"Burning Abyss\" monster, DESTROY this card.\nHOPT | You can use ONE of:\n● If you control no Spell/Trap Cards: You can Special Summon this card from your hand.\n● If this card is sent to the GY: <b>You can target 1 Set Spell/Trap Card on the field;</b> BOUNCE that target."
    },
    "Cir, Malebranche of the Burning Abyss": {
        "_current": "If you control a monster that is not a \"Burning Abyss\" monster, DESTROY this card.\nHOPT | You can use ONE of:\n● If you control no Spell/Trap Cards: You can Special Summon this card from your hand.\n● If this card is sent to the GY: <b>You can target 1 \"Burning Abyss\" monster in your GY, except \"Cir, Malebranche of the Burning Abyss\";</b> Special Summon it.",
        "previous": "\nIf you control a monster that is not a \"Burning Abyss\" monster, DESTROY this card.\nHOPT | You can use ONE of:\n● If you control no Spell/Trap Cards: You can Special Summon this card from your hand.\n● If this card is sent to the GY: <b>You can target 1 \"Burning Abyss\" monster in your GY, except \"Cir, Malebranche of the Burning Abyss\";</b> Special Summon it."
    },
    "Cyber Dragon Herz": {
        "_current": "This card's name becomes \"Cyber Dragon\" while on the field or in the GY.\nHOPT | You can use ONE of:\n● If this card is Special Summoned: You can make this card's Level become 5 until the end of this turn, also, you cannot Special Summon monsters for the rest of this turn, except Machine monsters.\n● If this card is sent to the GY: You can SEARCH 1 other \"Cyber Dragon\" (from DECK or GY).",
        "previous": "\nThis card's name becomes \"Cyber Dragon\" while on the field or in the GY.\nHOPT | You can use ONE of:\n● If this card is Special Summoned: You can make this card's Level become 5 until the end of this turn, also, you cannot Special Summon monsters for the rest of this turn, except Machine monsters.\n● If this card is sent to the GY: You can SEARCH 1 other \"Cyber Dragon\" (from DECK or GY)."
    },
    "Draghig, Malebranche of the Burning Abyss": {
        "_current": "If you control a monster that is not a \"Burning Abyss\" monster, DESTROY this card.\nHOPT | You can use ONE of:\n● If you control no Spell/Trap Cards: You can Special Summon this card from your hand.\n● If this card is sent to the GY: You can choose 1 \"Burning Abyss\" card from your Deck and place it on top of your Deck.",
        "previous": "\nIf you control a monster that is not a \"Burning Abyss\" monster, DESTROY this card.\nHOPT | You can use ONE of:\n● If you control no Spell/Trap Cards: You can Special Summon this card from your hand.\n● If this card is sent to the GY: You can choose 1 \"Burning Abyss\" card from your Deck and place it on top of your Deck."
    },
    "Farfa, Malebranche of the Burning Abyss": {
        "_current": "If you control a monster that is not a \"Burning Abyss\" monster, DESTROY this card.\nHOPT | You can use ONE of:\n● If you control no Spells/Traps: You can Special Summon this card from your hand.\n● If this card is sent to the GY: <b>You can target 1 monster on the field;</b> BANISH it until the End Phase.",
        "previous": "\nIf you control a monster that is not a \"Burning Abyss\" monster, DESTROY this card.\nHOPT | You can use ONE of:\n● If you control no Spells/Traps: You can Special Summon this card from your hand.\n● If this card is sent to the GY: <b>You can target 1 monster on the field;</b> BANISH it until the End Phase."
    },
    "Fire King Island": {
        "_current": "If this face-up card in the Field Zone is sent to the GY or banished: DESTROY all monsters you control.\nHOPT | You can use ONE of:\n● During your Main Phase: You can DESTROY 1 monster in your hand or field, and if you do, SEARCH 1 \"Fire King\" monster.\n● If you control no monsters: You can Special Summon 1 FIRE Winged Beast monster from your hand.",
        "previous": "\nIf this face-up card in the Field Zone is sent to the GY or banished: DESTROY all monsters you control.\nHOPT | You can use ONE of:\n● During your Main Phase: You can DESTROY 1 monster in your hand or field, and if you do, SEARCH 1 \"Fire King\" monster.\n● If you control no monsters: You can Special Summon 1 FIRE Winged Beast monster from your hand."
    },
    "Graff, Malebranche of the Burning Abyss": {
        "_current": "If you control a monster that is not a \"Burning Abyss\" monster, DESTROY this card.\nHOPT | You can use ONE of:\n● If you control no Spell/Trap Cards: You can Special Summon this card from your hand.\n● If this card is sent to the GY: You can Special Summon 1 \"Burning Abyss\" monster from your Deck, except \"Graff, Malebranche of the Burning Abyss\".",
        "previous": "\nIf you control a monster that is not a \"Burning Abyss\" monster, DESTROY this card.\nHOPT | You can use ONE of:\n● If you control no Spell/Trap Cards: You can Special Summon this card from your hand.\n● If this card is sent to the GY: You can Special Summon 1 \"Burning Abyss\" monster from your Deck, except \"Graff, Malebranche of the Burning Abyss\"."
    },
    "Icejade Creation Aegirocassis": {
        "_current": "① While this card is equipped to a monster, the equipped monster gains 400 ATK/DEF for each banished monster.\nHOPT | You can use ONE of:\n② QUICK | If this card is in your hand or GY (except during the Damage Step): <b>You can target 1 \"Icejade\" monster you control;</b> equip this card to that monster you control.\n③ While this card is equipped to a monster: You can Special Summon this card.",
        "previous": "\n① While this card is equipped to a monster, the equipped monster gains 400 ATK/DEF for each banished monster.\nHOPT | You can use ONE of:\n② QUICK | If this card is in your hand or GY (except during the Damage Step): <b>You can target 1 \"Icejade\" monster you control;</b> equip this card to that monster you control.\n③ While this card is equipped to a monster: You can Special Summon this card."
    },
    "Kuribabylon": {
        "_current": "Gains 300 ATK/DEF for each \"Kuriboh\" monster you control and in your GY.\nHOPT | You can use ONE of:\n● If you have more monsters in your GY than your opponent: You can Special Summon this card from your hand.\n● During your Main or Battle Phase: You can BOUNCE this card, and if you do, Special Summon 5 monsters (1 \"Kuribah\", 1 \"Kuribee\", 1 \"Kuriboo\", 1 \"Kuribeh\", and 1 \"Kuriboh\") from your hand and/or GY in Attack Position.",
        "previous": "\nGains 300 ATK/DEF for each \"Kuriboh\" monster you control and in your GY.\nHOPT | You can use ONE of:\n● If you have more monsters in your GY than your opponent: You can Special Summon this card from your hand.\n● During your Main or Battle Phase: You can BOUNCE this card, and if you do, Special Summon 5 monsters (1 \"Kuribah\", 1 \"Kuribee\", 1 \"Kuriboo\", 1 \"Kuribeh\", and 1 \"Kuriboh\") from your hand and/or GY in Attack Position."
    },
    "Libic, Malebranche of the Burning Abyss": {
        "_current": "If you control a monster that is not a \"Burning Abyss\" monster, DESTROY this card.\nHOPT | You can use ONE of:\n● If you control no Spell/Trap Cards: You can Special Summon this card from your hand.\n● If this card is sent to the GY: You can Special Summon 1 Level 3 DARK Fiend-Type monster from your hand, but its effects are negated.",
        "previous": "\nIf you control a monster that is not a \"Burning Abyss\" monster, DESTROY this card.\nHOPT | You can use ONE of:\n● If you control no Spell/Trap Cards: You can Special Summon this card from your hand.\n● If this card is sent to the GY: You can Special Summon 1 Level 3 DARK Fiend-Type monster from your hand, but its effects are negated."
    },
    "Mayakashi Winter": {
        "_current": "Monsters your opponent controls lose 100 ATK/DEF for each \"Mayakashi\" monster with a different name in your GY.\nHOPT | You can use ONE of:\n<b>● Send this card and 1 \"Mayakashi\" monster you control to the GY;</b> DRAW 1 card.\n<b>● BANISH this card and 1 Zombie monster from your GY, then target 1 \"Mayakashi\" monster in your GY;</b> Special Summon it.",
        "previous": "\nMonsters your opponent controls lose 100 ATK/DEF for each \"Mayakashi\" monster with a different name in your GY.\nHOPT | You can use ONE of:\n<b>● Send this card and 1 \"Mayakashi\" monster you control to the GY;</b> DRAW 1 card.\n<b>● BANISH this card and 1 Zombie monster from your GY, then target 1 \"Mayakashi\" monster in your GY;</b> Special Summon it."
    },
    "Naturia Sacred Tree": {
        "_current": "If this card is sent to the GY: SEARCH 1 \"Naturia\" card except \"Naturia Sacred Tree\".\nHOPT | You can use ONE of:\n<b>● You can Tribute 1 EARTH Insect monster;</b> Special Summon 1 Level 4 or lower EARTH Plant monster from your Deck.\n<b>● You can Tribute 1 EARTH Plant monster;</b> Special Summon 1 Level 4 or lower EARTH Insect monster from your Deck.",
        "previous": "\nIf this card is sent to the GY: SEARCH 1 \"Naturia\" card except \"Naturia Sacred Tree\".\nHOPT | You can use ONE of:\n<b>● You can Tribute 1 EARTH Insect monster;</b> Special Summon 1 Level 4 or lower EARTH Plant monster from your Deck.\n<b>● You can Tribute 1 EARTH Plant monster;</b> Special Summon 1 Level 4 or lower EARTH Insect monster from your Deck."
    },
    "Salamangreat Wolvie": {
        "_current": "A monster that was Link Summoned using this card as material cannot be destroyed for the rest of that turn.\nHOPT | You can use ONE of:\n● If this card is Special Summoned from the GY: <b>You can target 1 FIRE monster in your GY;</b> add it to your hand.\n● If this card is added from your GY to your hand by an effect: <b>You can reveal this card, then target 1 FIRE monster in your GY;</b> add it to your hand.",
        "previous": "\nA monster that was Link Summoned using this card as material cannot be destroyed for the rest of that turn.\nHOPT | You can use ONE of:\n● If this card is Special Summoned from the GY: <b>You can target 1 FIRE monster in your GY;</b> add it to your hand.\n● If this card is added from your GY to your hand by an effect: <b>You can reveal this card, then target 1 FIRE monster in your GY;</b> add it to your hand."
    },
    "Scarm, Malebranche of the Burning Abyss": {
        "_current": "If you control a monster that is not a \"Burning Abyss\" monster, DESTROY this card.\nHOPT | You can use ONE of:\n● If you control no Spell/Trap Cards: You can Special Summon this card from your hand.\n● During the End Phase, if this card is in the GY because it was sent there this turn: You can SEARCH 1 Level 3 DARK Fiend-Type monster except \"Scarm, Malebranche of the Burning Abyss\".",
        "previous": "\nIf you control a monster that is not a \"Burning Abyss\" monster, DESTROY this card.\nHOPT | You can use ONE of:\n● If you control no Spell/Trap Cards: You can Special Summon this card from your hand.\n● During the End Phase, if this card is in the GY because it was sent there this turn: You can SEARCH 1 Level 3 DARK Fiend-Type monster except \"Scarm, Malebranche of the Burning Abyss\"."
    },
    "Traptrix Vesiculo": {
        "_current": "① Unaffected by the effects of \"Hole\" Normal Traps.\nHOPT | You can use ONE of:\n② <b>You can send 1 Set Trap you control to the GY;</b> Special Summon this card from your hand.\n③ If you control no cards in your Spell & Trap Zone: <b>You can BANISH this card from your GY, then target 1 \"Hole\" Normal Trap in your GY;</b> Set it to your field.",
        "previous": "\n① Unaffected by the effects of \"Hole\" Normal Traps.\nHOPT | You can use ONE of:\n② <b>You can send 1 Set Trap you control to the GY;</b> Special Summon this card from your hand.\n③ If you control no cards in your Spell & Trap Zone: <b>You can BANISH this card from your GY, then target 1 \"Hole\" Normal Trap in your GY;</b> Set it to your field."
    },
    "Trismagistus": {
        "_current": "The first time each \"Magistus\" monster equipped with an Equip Card would be destroyed by battle each turn, it is not destroyed.\nHOPT | You can use ONE of:\n● During your Main Phase: You can Special Summon 1 Level 4 Spellcaster monster from your hand.\n<b>● You can send this face-up card to the GY;</b> Special Summon any number of \"Magistus\" monsters with different names from your hand.",
        "previous": "\nThe first time each \"Magistus\" monster equipped with an Equip Card would be destroyed by battle each turn, it is not destroyed.\nHOPT | You can use ONE of:\n● During your Main Phase: You can Special Summon 1 Level 4 Spellcaster monster from your hand.\n<b>● You can send this face-up card to the GY;</b> Special Summon any number of \"Magistus\" monsters with different names from your hand."
    },
    "Witchcrafter Bystreet": {
        "_current": "The first time each \"Witchcrafter\" monster you control would be destroyed each turn, by battle or card effect, it is not destroyed.\nHOPT | You can use ONE of:\n● If a \"Witchcrafter\" monster you control would DISCARD to activate an effect, you can send this card from your field to the GY instead.\n● During your End Phase, if you control a \"Witchcrafter\" monster, while this card is in your GY: You can place this card face-up in your Spell & Trap Zone.",
        "previous": "\nThe first time each \"Witchcrafter\" monster you control would be destroyed each turn, by battle or card effect, it is not destroyed.\nHOPT | You can use ONE of:\n● If a \"Witchcrafter\" monster you control would DISCARD to activate an effect, you can send this card from your field to the GY instead.\n● During your End Phase, if you control a \"Witchcrafter\" monster, while this card is in your GY: You can place this card face-up in your Spell & Trap Zone."
    },
    "Witchcrafter Scroll": {
        "_current": "OPT | When your Spellcaster monster DESTROYS a monster by battle: You can DRAW 1 card.\nHOPT | You can use ONE of:\n● If a \"Witchcrafter\" monster you control would DISCARD to activate an effect, you can send this card from your field to the GY instead.\n● During your End Phase, if you control a \"Witchcrafter\" monster, while this card is in your GY: You can place this card face-up in your Spell & Trap Zone.",
        "previous": "\nOPT | When your Spellcaster monster DESTROYS a monster by battle: You can DRAW 1 card.\nHOPT | You can use ONE of:\n● If a \"Witchcrafter\" monster you control would DISCARD to activate an effect, you can send this card from your field to the GY instead.\n● During your End Phase, if you control a \"Witchcrafter\" monster, while this card is in your GY: You can place this card face-up in your Spell & Trap Zone."
    }
}